timestamp,open,high,low,close,volume
2024-10-25 00:00:00,0.14208,0.142669,0.138879,0.139887,6630346.13483682
2024-10-25 04:00:00,0.139942,0.14073,0.137694,0.138031,10223515.4293659
2024-10-25 08:00:00,0.138071,0.139637,0.136791,0.139172,11728453.15825559
2024-10-25 12:00:00,0.139173,0.139805,0.135726,0.13641,19659783.18936515
2024-10-25 16:00:00,0.136229,0.137123,0.132215,0.135453,14884819.710952
2024-10-25 20:00:00,0.135478,0.136742,0.128,0.131981,21232769.09863922
2024-10-26 00:00:00,0.131494,0.134176,0.130757,0.133616,14572154.1815928
2024-10-26 04:00:00,0.133617,0.13507,0.133205,0.134349,16054754.24039753
2024-10-26 08:00:00,0.13446,0.135832,0.134329,0.135051,9592968.41987288
2024-10-26 12:00:00,0.135087,0.13532,0.132085,0.133464,14660752.316225
2024-10-26 16:00:00,0.133463,0.138157,0.133344,0.136302,12903069.75081828
2024-10-26 20:00:00,0.136339,0.137957,0.136206,0.137476,6051121.991694
2024-10-27 00:00:00,0.137511,0.138658,0.136086,0.138081,4435855.03751617
2024-10-27 04:00:00,0.13811,0.13864,0.137557,0.138171,5387164.05694388
2024-10-27 08:00:00,0.138187,0.138557,0.136585,0.137321,6538212.57985045
2024-10-27 12:00:00,0.137321,0.141096,0.137311,0.141006,10696511.12650962
2024-10-27 16:00:00,0.1411,0.14433,0.140435,0.141333,16959974.71377177
2024-10-27 20:00:00,0.141331,0.146293,0.140623,0.144321,13052286.27494937
2024-10-28 00:00:00,0.144263,0.146192,0.141118,0.14309,13590397.33966243
2024-10-28 04:00:00,0.143075,0.145381,0.142,0.143434,18748506.96031098
2024-10-28 08:00:00,0.143434,0.146845,0.142111,0.145588,18009665.21003816
2024-10-28 12:00:00,0.145633,0.151076,0.145134,0.147953,37215659.4750824
2024-10-28 16:00:00,0.147952,0.161914,0.147952,0.158369,50603570.44407056
2024-10-28 20:00:00,0.158301,0.162421,0.156403,0.161355,39139119.48723927
2024-10-29 00:00:00,0.161352,0.169,0.160338,0.167184,40192013.14986091
2024-10-29 04:00:00,0.167136,0.167422,0.163154,0.16463,33592175.57045412
2024-10-29 08:00:00,0.164631,0.167466,0.16353,0.1666,22228119.48386383
2024-10-29 12:00:00,0.166593,0.173101,0.164757,0.172961,26176409.2058791
2024-10-29 16:00:00,0.17283,0.179592,0.169449,0.169915,51148214.70402468
2024-10-29 20:00:00,0.169892,0.176625,0.168002,0.175872,23468915.8336261
2024-10-30 00:00:00,0.175862,0.177915,0.172204,0.17498,15601160.433714
2024-10-30 04:00:00,0.174867,0.177843,0.171994,0.172585,17698167.80381814
2024-10-30 08:00:00,0.172583,0.173781,0.167328,0.168069,22702210.56254558
2024-10-30 12:00:00,0.168069,0.171254,0.16489,0.165411,25911364.67204204
2024-10-30 16:00:00,0.165422,0.16869,0.164596,0.167581,13369813.14752383
2024-10-30 20:00:00,0.167541,0.170807,0.166517,0.168274,15297562.04977676
2024-10-31 00:00:00,0.168351,0.172773,0.167342,0.170316,8247492.40469172
2024-10-31 04:00:00,0.170333,0.172867,0.170333,0.171989,15905620.54615493
2024-10-31 08:00:00,0.171974,0.173716,0.168755,0.171066,12184500.20252744
2024-10-31 12:00:00,0.170997,0.171999,0.164651,0.166008,18797474.4826224
2024-10-31 16:00:00,0.166008,0.16682,0.159,0.1593,23511277.85290352
2024-10-31 20:00:00,0.159369,0.162872,0.156391,0.161634,25278300.38713134
2024-11-01 00:00:00,0.161541,0.164368,0.156569,0.158388,10235486.96365744
2024-11-01 04:00:00,0.15833,0.160506,0.154093,0.155853,16957641.01726479
2024-11-01 08:00:00,0.155855,0.162629,0.155648,0.160895,21117828.59319824
2024-11-01 12:00:00,0.161204,0.16886,0.15819,0.159262,27019014.05454824
2024-11-01 16:00:00,0.159284,0.163626,0.158797,0.160426,12184611.07172866
2024-11-01 20:00:00,0.160394,0.162165,0.156779,0.159238,15372491.25778973
2024-11-02 00:00:00,0.159199,0.163786,0.159199,0.161303,8151856.50201171
2024-11-02 04:00:00,0.161315,0.16285,0.159428,0.162034,9674457.19116469
2024-11-02 08:00:00,0.162,0.162395,0.1588,0.159455,8719031.40295486
2024-11-02 12:00:00,0.159377,0.160518,0.1555,0.156904,15399114.943307
2024-11-02 16:00:00,0.156943,0.160191,0.156513,0.159379,13165946.40736236
2024-11-02 20:00:00,0.159378,0.160133,0.157592,0.159432,8150538.71669024
2024-11-03 00:00:00,0.159438,0.159771,0.147501,0.150144,18421922.60606655
2024-11-03 04:00:00,0.150234,0.152898,0.149743,0.151802,15539657.0471799
2024-11-03 08:00:00,0.151796,0.152595,0.14784,0.148426,16397379.73299354
2024-11-03 12:00:00,0.148369,0.150125,0.14235,0.145867,30477620.35358096
2024-11-03 16:00:00,0.145867,0.149243,0.143909,0.148877,16897021.33937471
2024-11-03 20:00:00,0.149024,0.154093,0.148216,0.151345,21304547.00245216
2024-11-04 00:00:00,0.151222,0.154598,0.148326,0.151699,11749046.07390554
2024-11-04 04:00:00,0.151695,0.152923,0.149395,0.150774,13265615.99195406
2024-11-04 08:00:00,0.150758,0.15822,0.149601,0.156957,19852344.36791165
2024-11-04 12:00:00,0.157079,0.159779,0.154512,0.158184,16721018.9036604
2024-11-04 16:00:00,0.15824,0.160157,0.1545,0.1592,28880397.85944289
2024-11-04 20:00:00,0.1592,0.160044,0.151796,0.158444,20511551.41614063
2024-11-05 00:00:00,0.158201,0.166699,0.158107,0.162359,18360326.37035229
2024-11-05 04:00:00,0.162261,0.169419,0.161534,0.167802,27059465.45784034
2024-11-05 08:00:00,0.167803,0.172721,0.165836,0.171558,29586625.1453063
2024-11-05 12:00:00,0.171571,0.179213,0.168584,0.174616,36640521.29697042
2024-11-05 16:00:00,0.174523,0.177538,0.165449,0.16784,31364925.06569813
2024-11-05 20:00:00,0.167728,0.173363,0.165111,0.170037,23845841.61528084
2024-11-06 00:00:00,0.170023,0.21844,0.169088,0.211273,95608773.1109502
2024-11-06 04:00:00,0.211223,0.213,0.196353,0.199541,94292906.92686303
2024-11-06 08:00:00,0.199661,0.20447,0.186323,0.202198,52809353.28685196
2024-11-06 12:00:00,0.2022,0.20536,0.189447,0.191875,46544687.80441005
2024-11-06 16:00:00,0.191811,0.195995,0.187288,0.194996,49147128.68377075
2024-11-06 20:00:00,0.19504,0.1997,0.193304,0.196474,42094859.93725563
2024-11-07 00:00:00,0.196538,0.204329,0.192958,0.195951,36065607.17415922
2024-11-07 04:00:00,0.195964,0.196529,0.188677,0.191671,45641032.94815438
2024-11-07 08:00:00,0.191625,0.194508,0.190144,0.190836,27863365.81829514
2024-11-07 12:00:00,0.190807,0.194723,0.18589,0.194445,39711566.75522667
2024-11-07 16:00:00,0.194445,0.197447,0.19045,0.193784,35633018.1962933
2024-11-07 20:00:00,0.193784,0.195277,0.19,0.193411,16946584.77456813
2024-11-08 00:00:00,0.193375,0.198999,0.190801,0.194771,15701132.48888767
2024-11-08 04:00:00,0.194732,0.20197,0.194071,0.1996,34622524.84318728
2024-11-08 08:00:00,0.199604,0.199925,0.195109,0.196542,17131284.78153778
2024-11-08 12:00:00,0.196665,0.200289,0.193353,0.196959,19227399.86066995
2024-11-08 16:00:00,0.19696,0.198181,0.19035,0.197164,31215357.84355303
2024-11-08 20:00:00,0.197016,0.206961,0.195205,0.201862,33911174.97558384
2024-11-09 00:00:00,0.20196,0.204407,0.197382,0.199298,15760638.92908184
2024-11-09 04:00:00,0.199216,0.209827,0.198677,0.209003,28821853.71128892
2024-11-09 08:00:00,0.209193,0.212547,0.206838,0.207338,40672556.6820309
2024-11-09 12:00:00,0.207336,0.20804,0.203044,0.205322,20993053.07190788
2024-11-09 16:00:00,0.205322,0.211045,0.201037,0.207769,24428092.19061689
2024-11-09 20:00:00,0.207768,0.219973,0.207649,0.218752,38167539.51608588
2024-11-10 00:00:00,0.218817,0.2293,0.216586,0.228369,38347684.8937861
2024-11-10 04:00:00,0.22842,0.2318,0.224187,0.226582,36694126.38628741
2024-11-10 08:00:00,0.226851,0.243497,0.2265,0.242294,50274904.29171372
2024-11-10 12:00:00,0.242286,0.2491,0.23769,0.246897,69970396.48872323
2024-11-10 16:00:00,0.24686,0.297403,0.244508,0.270394,127100590.35629837
2024-11-10 20:00:00,0.270705,0.287085,0.248,0.277902,70724130.16425286
2024-11-11 00:00:00,0.277856,0.303341,0.275704,0.293442,48263059.73875859
2024-11-11 04:00:00,0.293419,0.296999,0.272198,0.281454,47683509.81237902
2024-11-11 08:00:00,0.281401,0.295526,0.274101,0.292807,42277844.29237754
2024-11-11 12:00:00,0.292982,0.313,0.28256,0.309514,68354950.07207878
2024-11-11 16:00:00,0.309515,0.328376,0.309068,0.31788,70525487.69855808
2024-11-11 20:00:00,0.317938,0.351,0.317672,0.350999,66160180.87883196
2024-11-12 00:00:00,0.350963,0.365711,0.32665,0.363849,56958974.40091587
2024-11-12 04:00:00,0.363594,0.421999,0.36004,0.412087,120197989.64048818
2024-11-12 08:00:00,0.412087,0.438981,0.344,0.395478,243321216.2121264
2024-11-12 12:00:00,0.395476,0.405,0.340563,0.371393,183347023.8740445
2024-11-12 16:00:00,0.371393,0.396796,0.34989,0.382058,75364758.78847104
2024-11-12 20:00:00,0.381951,0.3988,0.366695,0.380454,53211033.70964069
2024-11-13 00:00:00,0.380454,0.416999,0.367813,0.370903,100505265.59418775
2024-11-13 04:00:00,0.371051,0.383518,0.351029,0.377048,92381667.29331599
2024-11-13 08:00:00,0.377149,0.394389,0.369076,0.388614,91478277.5109098
2024-11-13 12:00:00,0.388614,0.432,0.378681,0.421487,259156859.000779
2024-11-13 16:00:00,0.420998,0.427269,0.381092,0.383971,143296804.00024918
2024-11-13 20:00:00,0.38397,0.40533,0.371173,0.399242,68643799.72847036
2024-11-14 00:00:00,0.399042,0.401155,0.36,0.386791,34605967.26399619
2024-11-14 04:00:00,0.386642,0.401729,0.383741,0.397824,53197810.18911356
2024-11-14 08:00:00,0.39775,0.408285,0.388538,0.396211,61350069.71659193
2024-11-14 12:00:00,0.396106,0.416336,0.379549,0.383848,91718305.85345879
2024-11-14 16:00:00,0.384193,0.4,0.380097,0.394262,41160587.78568494
2024-11-14 20:00:00,0.394584,0.394584,0.352663,0.362884,58641531.56124313
2024-11-15 00:00:00,0.36292,0.37651,0.36228,0.371103,39306783.61202394
2024-11-15 04:00:00,0.371103,0.372554,0.353211,0.365732,47096498.22946176
2024-11-15 08:00:00,0.365946,0.378485,0.361315,0.373574,38060568.49457666
2024-11-15 12:00:00,0.373389,0.381195,0.352718,0.356846,49102858.39191907
2024-11-15 16:00:00,0.356917,0.373501,0.354434,0.369848,44994815.87876583
2024-11-15 20:00:00,0.369848,0.384864,0.3688,0.381686,43347617.4895995
2024-11-16 00:00:00,0.381683,0.38363,0.37199,0.379705,30306706.48610645
2024-11-16 04:00:00,0.3797,0.391616,0.374047,0.378707,35534158.55164806
2024-11-16 08:00:00,0.378708,0.381,0.371814,0.375732,39700753.87969368
2024-11-16 12:00:00,0.375801,0.377325,0.361121,0.365551,45638522.52196774
2024-11-16 16:00:00,0.365649,0.374999,0.363207,0.372271,34785290.19936205
2024-11-16 20:00:00,0.372258,0.373093,0.36,0.364014,23075338.83992349
2024-11-17 00:00:00,0.364014,0.368813,0.340082,0.350976,41519267.89259852
2024-11-17 04:00:00,0.35098,0.36,0.347401,0.35904,39691673.64937214
2024-11-17 08:00:00,0.35904,0.375499,0.357,0.360234,37221712.22716096
2024-11-17 12:00:00,0.360878,0.371,0.35742,0.363184,23080662.495861
2024-11-17 16:00:00,0.363121,0.37,0.355,0.359375,33349534.68580692
2024-11-17 20:00:00,0.359117,0.367716,0.352067,0.366566,24658289.3979209
2024-11-18 00:00:00,0.366816,0.37558,0.360892,0.371949,29223993.45153439
2024-11-18 04:00:00,0.371846,0.380469,0.368,0.374857,31939500.6324179
2024-11-18 08:00:00,0.375116,0.38,0.361354,0.363167,34510126.00713218
2024-11-18 12:00:00,0.363336,0.3793,0.357844,0.37742,58135828.54845874
2024-11-18 16:00:00,0.377684,0.38,0.362435,0.367675,56008154.80482381
2024-11-18 20:00:00,0.367537,0.379887,0.365485,0.370948,39308807.16623473
2024-11-19 00:00:00,0.370946,0.377887,0.366434,0.376557,17058067.15581569
2024-11-19 04:00:00,0.376824,0.395727,0.376824,0.388323,75115815.8384328
2024-11-19 08:00:00,0.388334,0.39,0.378858,0.38271,30452227.04381287
2024-11-19 12:00:00,0.382786,0.40585,0.38245,0.394733,71305979.0289107
2024-11-19 16:00:00,0.394805,0.419982,0.392871,0.404427,72235757.39200982
2024-11-19 20:00:00,0.404428,0.407219,0.380042,0.390813,57650504.11573276
2024-11-20 00:00:00,0.390708,0.391487,0.376,0.383239,24929773.31492911
2024-11-20 04:00:00,0.383041,0.392241,0.38098,0.389962,29909322.09032011
2024-11-20 08:00:00,0.389707,0.395759,0.384558,0.389076,29370480.39123787
2024-11-20 12:00:00,0.38923,0.396863,0.381,0.392596,39369989.13095451
2024-11-20 16:00:00,0.392596,0.392772,0.364825,0.372404,41719544.66235368
2024-11-20 20:00:00,0.372533,0.381468,0.370442,0.377652,16075720.3082806
2024-11-21 00:00:00,0.377803,0.385639,0.36905,0.376228,20370084.8323492
2024-11-21 04:00:00,0.37624,0.390059,0.376103,0.385182,27745640.75617213
2024-11-21 08:00:00,0.385182,0.387499,0.37913,0.383012,17521186.74813702
2024-11-21 12:00:00,0.382835,0.395536,0.377554,0.380101,46460814.65643395
2024-11-21 16:00:00,0.380337,0.388711,0.378735,0.384541,18734751.08658128
2024-11-21 20:00:00,0.384541,0.391,0.381443,0.386663,16616313.74915751
2024-11-22 00:00:00,0.386663,0.402,0.380791,0.393697,39221468.06535432
2024-11-22 04:00:00,0.393704,0.401053,0.390602,0.391516,35897493.42685383
2024-11-22 08:00:00,0.391506,0.394425,0.385,0.394288,27216852.65082102
2024-11-22 12:00:00,0.394395,0.41705,0.387671,0.403321,75792091.29617451
2024-11-22 16:00:00,0.403486,0.4148,0.395,0.399831,56656669.73365344
2024-11-22 20:00:00,0.39995,0.41988,0.399003,0.412711,46533291.38066121
2024-11-23 00:00:00,0.412432,0.434798,0.404113,0.433434,58814491.03779325
2024-11-23 04:00:00,0.433434,0.479729,0.433198,0.461327,104324591.77262796
2024-11-23 08:00:00,0.460853,0.479699,0.45359,0.469596,54929353.99389606
2024-11-23 12:00:00,0.469573,0.474953,0.454039,0.454695,43899110.38586615
2024-11-23 16:00:00,0.454753,0.4583,0.412633,0.424022,67737429.10239688
2024-11-23 20:00:00,0.42371,0.443101,0.414112,0.430038,31764878.14842822
2024-11-24 00:00:00,0.430038,0.452998,0.427476,0.441397,33644572.03599345
2024-11-24 04:00:00,0.441353,0.44306,0.430036,0.43854,27316716.02246389
2024-11-24 08:00:00,0.43854,0.439195,0.414159,0.415226,36908793.87623756
2024-11-24 12:00:00,0.414996,0.422005,0.39999,0.401492,68827359.21541797
2024-11-24 16:00:00,0.40129,0.423298,0.399502,0.417924,37527158.34577307
2024-11-24 20:00:00,0.417542,0.436646,0.416793,0.430267,26340370.27083139
2024-11-25 00:00:00,0.430303,0.430681,0.411171,0.423333,19963273.56374195
2024-11-25 04:00:00,0.423333,0.429509,0.419587,0.428322,15314329.14134889
2024-11-25 08:00:00,0.428154,0.437499,0.422671,0.425115,26793506.5329476
2024-11-25 12:00:00,0.425175,0.427045,0.3959,0.414616,49677761.39848074
2024-11-25 16:00:00,0.41445,0.42456,0.398859,0.403871,42749834.81423735
2024-11-25 20:00:00,0.403871,0.408333,0.381,0.392927,36150193.4772764
2024-11-26 00:00:00,0.39292,0.408469,0.390429,0.405349,20036030.79291121
2024-11-26 04:00:00,0.405648,0.408693,0.395798,0.398138,19113542.77446836
2024-11-26 08:00:00,0.398086,0.398197,0.365037,0.377176,62360972.8925454
2024-11-26 12:00:00,0.377175,0.388238,0.36774,0.37945,53320672.29741827
2024-11-26 16:00:00,0.379451,0.390622,0.370115,0.378571,28584393.75117339
2024-11-26 20:00:00,0.378722,0.388778,0.377829,0.387001,15594923.98849607
2024-11-27 00:00:00,0.386894,0.393283,0.380149,0.38761,25790270.63325592
2024-11-27 04:00:00,0.387455,0.399547,0.386329,0.397632,22735241.32789767
2024-11-27 08:00:00,0.397471,0.397676,0.388516,0.390478,25467903.16181097
2024-11-27 12:00:00,0.390478,0.403998,0.385452,0.401247,36376136.85730712
2024-11-27 16:00:00,0.401251,0.405298,0.396875,0.403352,28084925.36751694
2024-11-27 20:00:00,0.403344,0.407598,0.399169,0.400773,17979447.39951672
2024-11-28 00:00:00,0.400964,0.428432,0.396801,0.409057,27741107.92056626
2024-11-28 04:00:00,0.409058,0.412845,0.401005,0.40283,21722608.82059129
2024-11-28 08:00:00,0.402829,0.406901,0.38912,0.40162,31720293.55892491
2024-11-28 12:00:00,0.40162,0.404778,0.391079,0.392535,26655075.43898951
2024-11-28 16:00:00,0.392535,0.400701,0.392535,0.398571,16957312.40466211
2024-11-28 20:00:00,0.39873,0.403999,0.395931,0.401281,12498716.26693902
2024-11-29 00:00:00,0.401536,0.40834,0.399558,0.406967,11031221.25623123
2024-11-29 04:00:00,0.406879,0.4078,0.400201,0.400663,18063675.422224
2024-11-29 08:00:00,0.400661,0.415503,0.400582,0.413466,23332169.78715683
2024-11-29 12:00:00,0.413466,0.424806,0.409483,0.418415,30330399.21519099
2024-11-29 16:00:00,0.418607,0.434,0.415318,0.434,42446255.49247676
2024-11-29 20:00:00,0.434,0.437467,0.424135,0.426235,22047973.29365052
2024-11-30 00:00:00,0.426241,0.426955,0.414002,0.422411,15923913.28737667
2024-11-30 04:00:00,0.422411,0.433634,0.420427,0.431556,21179689.75604656
2024-11-30 08:00:00,0.431556,0.435746,0.418891,0.422259,32436343.02508002
2024-11-30 12:00:00,0.422173,0.42561,0.417431,0.422712,17004729.09148991
2024-11-30 16:00:00,0.422796,0.429058,0.421638,0.425978,15580434.73049034
2024-11-30 20:00:00,0.425979,0.429684,0.420422,0.421481,13678458.34248837
2024-12-01 00:00:00,0.4216,0.436646,0.416386,0.424476,26296088.20457314
2024-12-01 04:00:00,0.424562,0.431807,0.424073,0.427159,24200984.83494123
2024-12-01 08:00:00,0.427083,0.430968,0.420201,0.424459,14695666.23364235
2024-12-01 12:00:00,0.42478,0.430262,0.421398,0.427868,17633616.74622656
2024-12-01 16:00:00,0.427872,0.44323,0.427872,0.431732,39896911.79144482
2024-12-01 20:00:00,0.431752,0.449979,0.425613,0.440331,35069779.9145305
2024-12-02 00:00:00,0.440331,0.463,0.438034,0.442412,49674526.54645168
2024-12-02 04:00:00,0.442232,0.44542,0.426995,0.428588,41489057.83365577
2024-12-02 08:00:00,0.428609,0.429217,0.40034,0.408761,60031486.08932753
2024-12-02 12:00:00,0.408965,0.437488,0.407005,0.433601,45376521.93135464
2024-12-02 16:00:00,0.433589,0.438516,0.408,0.424721,41327242.80816669
2024-12-02 20:00:00,0.424433,0.426951,0.417806,0.424522,17498160.91441081
2024-12-03 00:00:00,0.424662,0.429451,0.415034,0.422611,14324132.66999567
2024-12-03 04:00:00,0.422612,0.429609,0.412104,0.416694,25174790.26386195
2024-12-03 08:00:00,0.416504,0.421121,0.41108,0.418321,23038070.17966721
2024-12-03 12:00:00,0.41833,0.418826,0.39,0.405926,49809006.16461451
2024-12-03 16:00:00,0.405929,0.412166,0.39983,0.40781,30254857.34945684
2024-12-03 20:00:00,0.40785,0.417,0.406322,0.406528,21044127.53780388
2024-12-04 00:00:00,0.406529,0.418747,0.406324,0.415609,19517041.21503384
2024-12-04 04:00:00,0.415794,0.42287,0.414367,0.420433,16297960.07326576
2024-12-04 08:00:00,0.420484,0.423359,0.415775,0.416819,14488507.50404957
2024-12-04 12:00:00,0.416819,0.417919,0.407329,0.413151,24222609.46750919
2024-12-04 16:00:00,0.413151,0.419099,0.400002,0.41626,29601944.25729236
2024-12-04 20:00:00,0.416332,0.4365,0.414885,0.43269,53566574.54307597
2024-12-05 00:00:00,0.432452,0.453298,0.407061,0.436067,64349913.22314832
2024-12-05 04:00:00,0.435762,0.465,0.4312,0.439649,58778595.49918278
2024-12-05 08:00:00,0.439649,0.448,0.434713,0.44602,39215718.55179673
2024-12-05 12:00:00,0.446064,0.456765,0.435,0.439032,50674459.58548547
2024-12-05 16:00:00,0.439047,0.445997,0.4312,0.432224,24846979.81756921
2024-12-05 20:00:00,0.432225,0.436514,0.415,0.427133,34287667.4275439
2024-12-06 00:00:00,0.42625,0.439929,0.422093,0.436886,23893144.07839853
2024-12-06 04:00:00,0.436886,0.438594,0.433512,0.436348,11830665.77962569
2024-12-06 08:00:00,0.436358,0.441,0.423424,0.427637,23583468.95326216
2024-12-06 12:00:00,0.427637,0.436801,0.420001,0.432309,26751474.816493
2024-12-06 16:00:00,0.432534,0.44054,0.431295,0.438838,17155202.57174738
2024-12-06 20:00:00,0.438663,0.44139,0.432025,0.434704,12927127.60421075
2024-12-07 00:00:00,0.434705,0.440508,0.431848,0.433544,10175501.23785833
2024-12-07 04:00:00,0.433544,0.454,0.430623,0.447688,25670991.33645804
2024-12-07 08:00:00,0.447822,0.453493,0.441668,0.450151,34377485.16920381
2024-12-07 12:00:00,0.450121,0.454998,0.442502,0.452629,24359156.3207541
2024-12-07 16:00:00,0.452616,0.465671,0.451046,0.464501,45187566.40355816
2024-12-07 20:00:00,0.464502,0.464666,0.451915,0.453055,22538277.49885735
2024-12-08 00:00:00,0.453006,0.469,0.45,0.468324,17499906.60697479
2024-12-08 04:00:00,0.468322,0.484264,0.464003,0.464909,40655775.00643175
2024-12-08 08:00:00,0.46491,0.466095,0.446176,0.459441,33955330.00349971
2024-12-08 12:00:00,0.459689,0.465686,0.454291,0.461139,23643926.78683107
2024-12-08 16:00:00,0.460907,0.468631,0.458611,0.464856,18152025.84375665
2024-12-08 20:00:00,0.464592,0.467824,0.459059,0.466294,13422415.23095483
2024-12-09 00:00:00,0.466662,0.467473,0.445202,0.451745,20062687.26706732
2024-12-09 04:00:00,0.451567,0.455101,0.438143,0.446028,32659130.22912576
2024-12-09 08:00:00,0.446029,0.446178,0.427244,0.429509,37527747.69935535
2024-12-09 12:00:00,0.429427,0.448396,0.4257,0.434062,30664569.53214864
2024-12-09 16:00:00,0.434015,0.440269,0.431912,0.432743,18206775.34096896
2024-12-09 20:00:00,0.432742,0.433642,0.377001,0.414705,123805905.87099469
2024-12-10 00:00:00,0.414154,0.423657,0.3868,0.40071,55577460.06857569
2024-12-10 04:00:00,0.40071,0.413525,0.390361,0.409119,32418743.37309547
2024-12-10 08:00:00,0.408885,0.415762,0.404154,0.409621,19037138.8370446
2024-12-10 12:00:00,0.40958,0.410779,0.37284,0.37284,70349266.37129663
2024-12-10 16:00:00,0.372842,0.38915,0.365154,0.38535,77835326.51148658
2024-12-10 20:00:00,0.385016,0.39928,0.383635,0.393877,18063837.88578943
2024-12-11 00:00:00,0.393823,0.39831,0.375013,0.390522,19580154.94153638
2024-12-11 04:00:00,0.390404,0.394634,0.386291,0.386592,12264491.11714395
2024-12-11 08:00:00,0.386598,0.405,0.386403,0.40191,18800213.93585946
2024-12-11 12:00:00,0.40209,0.419,0.400528,0.412952,36547044.70536931
2024-12-11 16:00:00,0.412952,0.4186,0.405,0.414855,22035754.99500131
2024-12-11 20:00:00,0.414855,0.418612,0.413215,0.413944,11094331.16259534
2024-12-12 00:00:00,0.414412,0.421779,0.407124,0.415785,11973441.99592455
2024-12-12 04:00:00,0.416,0.4245,0.412988,0.413507,15311297.70372715
2024-12-12 08:00:00,0.413879,0.418432,0.408024,0.411072,18354608.69027483
2024-12-12 12:00:00,0.411148,0.419252,0.408332,0.414863,39167758.45306325
2024-12-12 16:00:00,0.414863,0.418591,0.400646,0.401819,30828658.23455213
2024-12-12 20:00:00,0.401818,0.40965,0.4012,0.406163,16477386.61994666
2024-12-13 00:00:00,0.405916,0.409821,0.399001,0.407799,9210494.27820792
2024-12-13 04:00:00,0.4078,0.409424,0.3995,0.40431,5521069.25885182
2024-12-13 08:00:00,0.404544,0.4075,0.400562,0.403595,10429459.72796054
2024-12-13 12:00:00,0.40359,0.412474,0.401721,0.403051,15093211.43626377
2024-12-13 16:00:00,0.402827,0.410165,0.400564,0.403633,15538691.29451252
2024-12-13 20:00:00,0.403634,0.409298,0.402356,0.408635,7036865.77710775
2024-12-14 00:00:00,0.408881,0.41375,0.40589,0.410027,14614450.57506456
2024-12-14 04:00:00,0.410144,0.411945,0.408302,0.40909,9623128.34218169
2024-12-14 08:00:00,0.409278,0.410753,0.404692,0.405961,8940489.08201614
2024-12-14 12:00:00,0.405531,0.406573,0.394,0.397113,15572824.84651395
2024-12-14 16:00:00,0.397231,0.397274,0.387605,0.392568,18193597.3616678
2024-12-14 20:00:00,0.392391,0.399994,0.387696,0.39839,11303193.27114657
2024-12-15 00:00:00,0.398234,0.400246,0.394495,0.396855,6976970.91319928
2024-12-15 04:00:00,0.397066,0.402499,0.392626,0.395802,9800702.07955451
2024-12-15 08:00:00,0.395802,0.400803,0.394316,0.40036,9105563.67855832
2024-12-15 12:00:00,0.40036,0.404689,0.39906,0.402863,16759036.41687095
2024-12-15 16:00:00,0.402863,0.405,0.402,0.402655,10583185.26999053
2024-12-15 20:00:00,0.402573,0.4111,0.397363,0.406406,18894891.84433058
2024-12-16 00:00:00,0.40651,0.414999,0.402821,0.40508,10578404.70998088
2024-12-16 04:00:00,0.404979,0.406801,0.403361,0.404379,7725142.02697745
2024-12-16 08:00:00,0.40438,0.404999,0.392222,0.393415,10302101.4842533
2024-12-16 12:00:00,0.393415,0.402,0.392679,0.400399,14814910.30168505
2024-12-16 16:00:00,0.400398,0.413943,0.400035,0.405993,26419091.18929337
2024-12-16 20:00:00,0.406157,0.406451,0.400024,0.401972,6564211.49433197
2024-12-17 00:00:00,0.401928,0.4037,0.395659,0.403206,5613962.79237019
2024-12-17 04:00:00,0.403085,0.403242,0.396003,0.397615,11609312.65373761
2024-12-17 08:00:00,0.397883,0.4075,0.397883,0.404029,12612102.07274796
2024-12-17 12:00:00,0.404031,0.41,0.395827,0.398624,23450608.80761639
2024-12-17 16:00:00,0.398629,0.403588,0.396457,0.398973,10063899.66557799
2024-12-17 20:00:00,0.398895,0.402141,0.391347,0.393979,11114887.25213442
2024-12-18 00:00:00,0.39398,0.396271,0.388563,0.39002,9616997.9573575
2024-12-18 04:00:00,0.390017,0.390017,0.3783,0.383863,20451500.19209076
2024-12-18 08:00:00,0.383862,0.390101,0.382406,0.389832,10211961.99084851
2024-12-18 12:00:00,0.389829,0.390274,0.38,0.384396,11558601.46067197
2024-12-18 16:00:00,0.384285,0.390386,0.37457,0.375002,22049437.0713281
2024-12-18 20:00:00,0.37457,0.376832,0.3505,0.358532,40899774.67694744
2024-12-19 00:00:00,0.358358,0.364702,0.340799,0.364369,50783357.78171484
2024-12-19 04:00:00,0.364223,0.364599,0.3601,0.363093,15802298.90509803
2024-12-19 08:00:00,0.362881,0.367477,0.357432,0.36603,14258549.18905937
2024-12-19 12:00:00,0.366085,0.367186,0.343246,0.352467,32598779.58424914
2024-12-19 16:00:00,0.351998,0.3531,0.302131,0.312613,94877699.82340634
2024-12-19 20:00:00,0.312489,0.323883,0.300338,0.314276,51487173.96374966
2024-12-20 00:00:00,0.314477,0.329288,0.30938,0.321765,28021475.03833054
2024-12-20 04:00:00,0.321829,0.324768,0.310943,0.316843,27959114.79220776
2024-12-20 08:00:00,0.316856,0.317075,0.262203,0.26586,147041443.6215693
2024-12-20 12:00:00,0.266705,0.309697,0.264577,0.305172,100188484.26259401
2024-12-20 16:00:00,0.305172,0.319997,0.302336,0.317473,37724800.31194593
2024-12-20 20:00:00,0.317219,0.321213,0.305581,0.317811,18345470.08218965
2024-12-21 00:00:00,0.317819,0.331806,0.31501,0.326089,12838422.64863822
2024-12-21 04:00:00,0.32622,0.350046,0.32555,0.34635,42428883.29005989
2024-12-21 08:00:00,0.346349,0.34815,0.332165,0.336629,21074784.6135416
2024-12-21 12:00:00,0.336628,0.336818,0.314203,0.32688,41738103.51338699
2024-12-21 16:00:00,0.327079,0.329463,0.315014,0.321692,25638635.22878956
2024-12-21 20:00:00,0.321828,0.325737,0.316214,0.320055,12747527.51180339
2024-12-22 00:00:00,0.32035,0.323909,0.3124,0.317934,10228080.84777912
2024-12-22 04:00:00,0.317988,0.318866,0.305605,0.312824,13519790.57230516
2024-12-22 08:00:00,0.313001,0.32482,0.313001,0.321438,21955049.61702283
2024-12-22 12:00:00,0.321329,0.323813,0.309352,0.31276,21061401.79985461
2024-12-22 16:00:00,0.312774,0.321554,0.308374,0.309433,11708687.33742321
2024-12-22 20:00:00,0.309814,0.316592,0.3051,0.312441,15785981.85789109
2024-12-23 00:00:00,0.312597,0.3216,0.303032,0.320709,16785485.85916753
2024-12-23 04:00:00,0.320713,0.322262,0.308862,0.312273,14683843.99093581
2024-12-23 08:00:00,0.312422,0.31881,0.310832,0.314258,16219890.89902057
2024-12-23 12:00:00,0.314207,0.317744,0.303576,0.305099,20300130.13422901
2024-12-23 16:00:00,0.305406,0.318235,0.30474,0.316093,24515223.25859867
2024-12-23 20:00:00,0.316044,0.328997,0.314906,0.324943,15753255.62324072
2024-12-24 00:00:00,0.32478,0.32478,0.316242,0.321684,9125705.1634988
2024-12-24 04:00:00,0.321584,0.324436,0.318506,0.321578,10787040.91297977
2024-12-24 08:00:00,0.321578,0.323303,0.317649,0.32153,10432257.33358456
2024-12-24 12:00:00,0.321597,0.340762,0.319041,0.336524,33988623.39694171
2024-12-24 16:00:00,0.336521,0.339207,0.331508,0.331714,21956873.56848417
2024-12-24 20:00:00,0.331704,0.338485,0.327504,0.337118,11172525.01043699
2024-12-25 00:00:00,0.336928,0.339881,0.331312,0.332544,8889850.18401554
2024-12-25 04:00:00,0.3326,0.335541,0.330532,0.331576,4991173.34454916
2024-12-25 08:00:00,0.331675,0.341995,0.330001,0.330296,15957642.40384727
2024-12-25 12:00:00,0.330597,0.333747,0.328421,0.330487,7828494.19333078
2024-12-25 16:00:00,0.330786,0.333535,0.32643,0.332936,10766920.65135809
2024-12-25 20:00:00,0.332942,0.335,0.329,0.334293,6890829.33141152
2024-12-26 00:00:00,0.334328,0.337936,0.328369,0.328989,5026692.67872643
2024-12-26 04:00:00,0.328413,0.328699,0.3225,0.323684,6992885.82367159
2024-12-26 08:00:00,0.323626,0.324449,0.314001,0.317713,17670277.25744149
2024-12-26 12:00:00,0.317401,0.31849,0.312661,0.314704,10362943.2958097
2024-12-26 16:00:00,0.314453,0.317445,0.310216,0.314311,7715736.74670504
2024-12-26 20:00:00,0.31405,0.315007,0.30841,0.312637,4681469.33625141
2024-12-27 00:00:00,0.312636,0.316901,0.310325,0.315117,3248966.39667554
2024-12-27 04:00:00,0.315225,0.317387,0.308695,0.311568,7521089.91717401
2024-12-27 08:00:00,0.31178,0.324994,0.31178,0.321649,11755285.11136004
2024-12-27 12:00:00,0.321716,0.322213,0.309094,0.311948,10405243.53523008
2024-12-27 16:00:00,0.312023,0.31572,0.31,0.315145,7513784.97228826
2024-12-27 20:00:00,0.315203,0.315574,0.31,0.31194,3446861.27918713
2024-12-28 00:00:00,0.312013,0.315426,0.311255,0.314883,2635725.53004167
2024-12-28 04:00:00,0.314773,0.317841,0.313369,0.314964,5779692.01929313
2024-12-28 08:00:00,0.314951,0.318407,0.314846,0.317545,13072782.1159175
2024-12-28 12:00:00,0.317481,0.321723,0.315874,0.318617,9813808.48424665
2024-12-28 16:00:00,0.318617,0.324402,0.318478,0.322312,7933241.38136255
2024-12-28 20:00:00,0.322393,0.327431,0.321595,0.324255,4904508.92217145
2024-12-29 00:00:00,0.324332,0.326299,0.321149,0.325335,2050306.79726119
2024-12-29 04:00:00,0.325487,0.329564,0.323222,0.32939,6762313.03191762
2024-12-29 08:00:00,0.329385,0.329452,0.325423,0.325648,9180323.65264342
2024-12-29 12:00:00,0.325498,0.326541,0.3195,0.319949,9721474.22837506
2024-12-29 16:00:00,0.319896,0.320141,0.31449,0.316245,7697838.08087409
2024-12-29 20:00:00,0.316085,0.317256,0.312,0.314234,6452385.96943288
2024-12-30 00:00:00,0.314371,0.323081,0.313106,0.319517,6681650.9535729
2024-12-30 04:00:00,0.319399,0.322129,0.315578,0.320478,5902808.09581773
2024-12-30 08:00:00,0.320745,0.322849,0.318391,0.321068,6820750.60649253
2024-12-30 12:00:00,0.321004,0.323289,0.30672,0.311084,14988781.39125272
2024-12-30 16:00:00,0.310911,0.320641,0.3075,0.319719,10877023.2535218
2024-12-30 20:00:00,0.31972,0.322682,0.310178,0.313785,10621809.2257021
2024-12-31 00:00:00,0.313745,0.315175,0.310204,0.311615,4627162.98060633
2024-12-31 04:00:00,0.311615,0.31351,0.309228,0.31233,8530154.00024217
2024-12-31 08:00:00,0.312142,0.32202,0.312104,0.319804,16243432.21155923
2024-12-31 12:00:00,0.319838,0.328973,0.319384,0.327542,19202779.15174117
2024-12-31 16:00:00,0.327582,0.327898,0.315288,0.31822,10313792.25567333
2024-12-31 20:00:00,0.318202,0.319585,0.315288,0.316037,5652048.11416194
2025-01-01 00:00:00,0.315859,0.321484,0.315597,0.318733,2955758.41641538
2025-01-01 04:00:00,0.318806,0.319131,0.316069,0.316679,5446305.72980642
2025-01-01 08:00:00,0.316679,0.317225,0.312,0.316211,8299785.1124787
2025-01-01 12:00:00,0.316205,0.320548,0.315901,0.320269,7690844.38729756
2025-01-01 16:00:00,0.320469,0.325799,0.317086,0.324912,10729320.02712288
2025-01-01 20:00:00,0.324912,0.327377,0.324047,0.325093,11298622.86455598
2025-01-02 00:00:00,0.325108,0.338655,0.3225,0.331209,15349949.36590444
2025-01-02 04:00:00,0.331275,0.335494,0.329266,0.334198,10268207.83411251
2025-01-02 08:00:00,0.334352,0.344999,0.333403,0.342235,14066678.85651569
2025-01-02 12:00:00,0.342468,0.345,0.335473,0.336922,19475249.67965471
2025-01-02 16:00:00,0.337025,0.340385,0.334257,0.338611,8220784.56100415
2025-01-02 20:00:00,0.338852,0.340092,0.335,0.338963,7287287.26647781
2025-01-03 00:00:00,0.339057,0.342669,0.336119,0.341732,6983984.9998795
2025-01-03 04:00:00,0.341664,0.341803,0.335889,0.336887,5838286.30724305
2025-01-03 08:00:00,0.336896,0.349569,0.336,0.348793,11523956.79863685
2025-01-03 12:00:00,0.348723,0.368819,0.348071,0.36603,36179346.07852326
2025-01-03 16:00:00,0.366139,0.382998,0.364525,0.379561,31426109.20578264
2025-01-03 20:00:00,0.37939,0.389194,0.374428,0.379533,19912024.8526108
2025-01-04 00:00:00,0.379925,0.394707,0.377,0.392283,16186229.68284998
2025-01-04 04:00:00,0.392104,0.3949,0.384681,0.387976,20864766.80073883
2025-01-04 08:00:00,0.387706,0.391719,0.382527,0.391548,13801795.71714967
2025-01-04 12:00:00,0.391541,0.394819,0.376503,0.379484,20004156.99943961
2025-01-04 16:00:00,0.379484,0.39,0.379012,0.384056,14419731.5918399
2025-01-04 20:00:00,0.383979,0.4,0.383381,0.394937,14397160.01754374
2025-01-05 00:00:00,0.394936,0.397679,0.387978,0.388734,6084797.33595997
2025-01-05 04:00:00,0.388735,0.3921,0.387979,0.389565,8863481.89876594
2025-01-05 08:00:00,0.389447,0.389563,0.381301,0.382228,16446673.19438081
2025-01-05 12:00:00,0.38199,0.385432,0.375334,0.383555,12537429.56674975
2025-01-05 16:00:00,0.383555,0.385181,0.378089,0.382179,6933482.80525942
2025-01-05 20:00:00,0.382179,0.385089,0.380681,0.382213,6060918.57666586
2025-01-06 00:00:00,0.382317,0.389983,0.37625,0.38589,7539634.12863328
2025-01-06 04:00:00,0.385735,0.38892,0.380033,0.383054,10542472.7402315
2025-01-06 08:00:00,0.383223,0.388271,0.381145,0.386745,11400019.78846106
2025-01-06 12:00:00,0.386822,0.393,0.381944,0.38951,17861277.13580301
2025-01-06 16:00:00,0.38951,0.395708,0.384114,0.389032,17351557.29123326
2025-01-06 20:00:00,0.389031,0.390764,0.385244,0.387652,4403774.69628266
2025-01-07 00:00:00,0.387738,0.398,0.386175,0.391657,7521811.86975364
2025-01-07 04:00:00,0.391739,0.393224,0.389005,0.391207,8864057.10909912
2025-01-07 08:00:00,0.39128,0.397,0.382515,0.385267,13512499.2171466
2025-01-07 12:00:00,0.385246,0.388056,0.356483,0.364,49124381.39653816
2025-01-07 16:00:00,0.363927,0.369278,0.35072,0.353739,32948096.0262238
2025-01-07 20:00:00,0.353695,0.355726,0.3475,0.34804,17984380.71177103
2025-01-08 00:00:00,0.348005,0.354809,0.345174,0.354106,11446509.57846127
2025-01-08 04:00:00,0.354524,0.355686,0.339296,0.344351,21091043.9205323
2025-01-08 08:00:00,0.344351,0.352401,0.344198,0.346536,14371239.17492228
2025-01-08 12:00:00,0.346676,0.353122,0.341752,0.346421,13602388.79074645
2025-01-08 16:00:00,0.346429,0.346551,0.325079,0.335428,36473029.65223935
2025-01-08 20:00:00,0.335662,0.34498,0.333303,0.342251,7036881.62801285
2025-01-09 00:00:00,0.3422,0.346789,0.337146,0.338168,5474113.72435209
2025-01-09 04:00:00,0.338067,0.340696,0.330535,0.331696,10176026.7127064
2025-01-09 08:00:00,0.331901,0.335588,0.325728,0.330221,15556285.94518691
2025-01-09 12:00:00,0.329947,0.335769,0.317899,0.333127,25956205.19774593
2025-01-09 16:00:00,0.333275,0.335279,0.315823,0.317182,29724389.61671152
2025-01-09 20:00:00,0.31701,0.323643,0.314427,0.320976,10168434.56219854
2025-01-10 00:00:00,0.321031,0.328333,0.321031,0.32754,5293960.74130857
2025-01-10 04:00:00,0.327605,0.339661,0.32566,0.335268,9753130.17100709
2025-01-10 08:00:00,0.335431,0.338883,0.33466,0.336172,12229290.04333504
2025-01-10 12:00:00,0.336159,0.336498,0.321044,0.328657,26875003.2897133
2025-01-10 16:00:00,0.328402,0.339657,0.324335,0.3351,13462420.61799501
2025-01-10 20:00:00,0.335172,0.335577,0.331497,0.33396,3923972.12606583
2025-01-11 00:00:00,0.333561,0.334877,0.331079,0.331713,2862729.9219348
2025-01-11 04:00:00,0.33185,0.334316,0.329476,0.331735,4450130.3106604
2025-01-11 08:00:00,0.331628,0.339584,0.330615,0.337483,8612231.03147346
2025-01-11 12:00:00,0.33755,0.338355,0.333797,0.334556,6989009.7752787
2025-01-11 16:00:00,0.334831,0.338458,0.332884,0.338313,6132177.9200993
2025-01-11 20:00:00,0.338312,0.348001,0.337462,0.341195,11682999.07639609
2025-01-12 00:00:00,0.341196,0.341574,0.337594,0.340698,3760259.68798742
2025-01-12 04:00:00,0.340831,0.343488,0.337889,0.340064,6036098.02777838
2025-01-12 08:00:00,0.340064,0.340646,0.334188,0.336142,7070538.17263724
2025-01-12 12:00:00,0.336134,0.342374,0.335123,0.340501,7561148.91734798
2025-01-12 16:00:00,0.340509,0.341769,0.338017,0.339504,5030772.72825661
2025-01-12 20:00:00,0.33961,0.340783,0.331814,0.33587,5541006.81464456
2025-01-13 00:00:00,0.33587,0.345975,0.330609,0.332216,6683977.8971717
2025-01-13 04:00:00,0.332061,0.335913,0.325412,0.328302,8336155.7407654
2025-01-13 08:00:00,0.328303,0.328599,0.315004,0.315136,17883638.46606564
2025-01-13 12:00:00,0.315082,0.327991,0.31,0.324391,27951033.37095152
2025-01-13 16:00:00,0.324488,0.328475,0.318591,0.32522,23321625.70250763
2025-01-13 20:00:00,0.325217,0.339227,0.323922,0.337983,15562170.16208113
2025-01-14 00:00:00,0.338129,0.345,0.335299,0.343503,13962970.27165811
2025-01-14 04:00:00,0.343636,0.345978,0.340918,0.342622,12549985.36461694
2025-01-14 08:00:00,0.342641,0.355201,0.342641,0.348841,19947800.10278463
2025-01-14 12:00:00,0.348746,0.354591,0.34504,0.353055,13807588.25540725
2025-01-14 16:00:00,0.353035,0.361998,0.348725,0.354594,13643422.9905949
2025-01-14 20:00:00,0.354802,0.359372,0.35186,0.355674,5365993.98297288
2025-01-15 00:00:00,0.355847,0.363925,0.354359,0.363183,12140200.12366748
2025-01-15 04:00:00,0.363166,0.365,0.358341,0.360705,14602095.81933826
2025-01-15 08:00:00,0.360954,0.362947,0.348726,0.351836,20576627.99641323
2025-01-15 12:00:00,0.352129,0.377855,0.348345,0.370541,34697737.72853345
2025-01-15 16:00:00,0.3707,0.3779,0.368044,0.377293,18618523.62043263
2025-01-15 20:00:00,0.377175,0.3875,0.374352,0.385648,19880329.37050213
2025-01-16 00:00:00,0.385486,0.387426,0.373275,0.375678,10962528.59707234
2025-01-16 04:00:00,0.375729,0.380667,0.375227,0.379731,9508088.96316847
2025-01-16 08:00:00,0.37973,0.380345,0.367677,0.377348,21435869.8050126
2025-01-16 12:00:00,0.377377,0.38657,0.368181,0.381534,36666751.57304354
2025-01-16 16:00:00,0.381521,0.39,0.380842,0.386266,18229276.6909476
2025-01-16 20:00:00,0.386267,0.387287,0.374335,0.376368,9670658.97354996
2025-01-17 00:00:00,0.37633,0.389367,0.375377,0.385356,11737818.5321131
2025-01-17 04:00:00,0.385357,0.395733,0.38375,0.395635,14659615.9142458
2025-01-17 08:00:00,0.395363,0.4189,0.395323,0.411344,62964555.29192687
2025-01-17 12:00:00,0.41135,0.4155,0.403208,0.412888,27499073.46905181
2025-01-17 16:00:00,0.413,0.421582,0.408767,0.416029,21081838.25120287
2025-01-17 20:00:00,0.416028,0.418489,0.410003,0.415075,11255782.12440806
2025-01-18 00:00:00,0.415284,0.433775,0.405121,0.411742,28177714.8367149
2025-01-18 04:00:00,0.411618,0.413165,0.384701,0.394968,41702782.22364597
2025-01-18 08:00:00,0.395038,0.402377,0.388431,0.399452,26477211.70032862
2025-01-18 12:00:00,0.39972,0.404528,0.394176,0.397377,35497548.49469137
2025-01-18 16:00:00,0.397574,0.400869,0.387002,0.397186,33797407.05361593
2025-01-18 20:00:00,0.397032,0.398806,0.39037,0.39639,10764571.86513833
2025-01-19 00:00:00,0.396584,0.409859,0.396109,0.400004,8624429.93050914
2025-01-19 04:00:00,0.400123,0.402,0.387918,0.392299,28314229.50063607
2025-01-19 08:00:00,0.392338,0.393114,0.359,0.362759,67911617.23290646
2025-01-19 12:00:00,0.36276,0.395756,0.36276,0.388207,47937702.96729026
2025-01-19 16:00:00,0.388102,0.398476,0.385691,0.39592,23088245.57770665
2025-01-19 20:00:00,0.39619,0.39944,0.348,0.358792,70953573.15096007
2025-01-20 00:00:00,0.35814,0.366711,0.345116,0.36447,44243522.98058942
2025-01-20 04:00:00,0.364468,0.387071,0.359539,0.376301,45342484.92171422
2025-01-20 08:00:00,0.376112,0.383926,0.374639,0.382551,22978257.17492489
2025-01-20 12:00:00,0.382589,0.382943,0.364234,0.367404,40359468.45130298
2025-01-20 16:00:00,0.367676,0.383432,0.349,0.35965,81689498.5035885
2025-01-20 20:00:00,0.35965,0.365587,0.348002,0.354513,11068547.20375228
2025-01-21 00:00:00,0.354786,0.356493,0.33829,0.347273,21711397.30085399
2025-01-21 04:00:00,0.347099,0.347099,0.336003,0.342606,14865708.96339513
2025-01-21 08:00:00,0.342601,0.403617,0.339098,0.383707,88493725.57845704
2025-01-21 12:00:00,0.384979,0.394793,0.365,0.380042,66690601.16729966
2025-01-21 16:00:00,0.380039,0.386591,0.378,0.384355,28824874.35418021
2025-01-21 20:00:00,0.384478,0.385397,0.369088,0.371995,17329016.46283043
2025-01-22 00:00:00,0.371777,0.373868,0.36709,0.37149,9175780.25477095
2025-01-22 04:00:00,0.37149,0.373157,0.363509,0.364948,11316594.1642952
2025-01-22 08:00:00,0.365083,0.371,0.3595,0.367338,25772599.95349664
2025-01-22 12:00:00,0.367301,0.36848,0.358335,0.360349,22489706.32377587
2025-01-22 16:00:00,0.3606,0.364231,0.355534,0.360431,15143918.73758748
2025-01-22 20:00:00,0.36029,0.3725,0.357145,0.362592,9380119.4325133
2025-01-23 00:00:00,0.362861,0.364706,0.351245,0.351929,6555042.2929266
2025-01-23 04:00:00,0.352014,0.355899,0.34821,0.353981,9842956.8456065
2025-01-23 08:00:00,0.353982,0.353982,0.346603,0.34867,13793220.06097995
2025-01-23 12:00:00,0.348594,0.358005,0.344503,0.354095,22762736.87491692
2025-01-23 16:00:00,0.354097,0.360197,0.345001,0.346294,20172101.18162945
2025-01-23 20:00:00,0.346543,0.358909,0.3416,0.352363,18409396.96036731
2025-01-24 00:00:00,0.352151,0.353275,0.343,0.347744,6311377.72089297
2025-01-24 04:00:00,0.346932,0.358743,0.346312,0.357443,5555411.96033336
2025-01-24 08:00:00,0.357444,0.364539,0.357124,0.362823,8560810.40657265
2025-01-24 12:00:00,0.362927,0.363629,0.35778,0.359852,8704317.2179787
2025-01-24 16:00:00,0.359851,0.36124,0.356337,0.357268,7400255.10380356
2025-01-24 20:00:00,0.35739,0.358193,0.348785,0.350824,8596610.00055432
2025-01-25 00:00:00,0.350968,0.353889,0.345663,0.353498,7380697.17267042
2025-01-25 04:00:00,0.353494,0.353494,0.348056,0.348539,5953263.91790558
2025-01-25 08:00:00,0.348476,0.350959,0.34566,0.35047,6598393.72492166
2025-01-25 12:00:00,0.350471,0.361368,0.348584,0.35621,11853351.1335045
2025-01-25 16:00:00,0.356434,0.358873,0.352192,0.356182,7417994.00915162
2025-01-25 20:00:00,0.356346,0.359741,0.353263,0.353474,5418170.320109
2025-01-26 00:00:00,0.353556,0.356005,0.351678,0.354576,2890390.49352393
2025-01-26 04:00:00,0.354731,0.357274,0.35322,0.354435,5221684.43397393
2025-01-26 08:00:00,0.354436,0.35557,0.3491,0.351847,8393302.71000635
2025-01-26 12:00:00,0.351734,0.352993,0.350109,0.350915,5195860.08319634
2025-01-26 16:00:00,0.351051,0.354,0.35,0.353051,4713809.55549388
2025-01-26 20:00:00,0.35303,0.353414,0.335099,0.336001,19816916.09999783
2025-01-27 00:00:00,0.335781,0.337179,0.324993,0.329964,21476082.41678099
2025-01-27 04:00:00,0.329964,0.329964,0.305,0.315428,34843554.27502146
2025-01-27 08:00:00,0.315427,0.317647,0.308105,0.312111,27328823.95446024
2025-01-27 12:00:00,0.31211,0.328908,0.310549,0.326272,23784290.95533506
2025-01-27 16:00:00,0.326287,0.329932,0.317314,0.321561,10787875.0925603
2025-01-27 20:00:00,0.321561,0.335425,0.321561,0.333825,9444128.95120639
2025-01-28 00:00:00,0.333825,0.337755,0.3294,0.334725,6557541.47619928
2025-01-28 04:00:00,0.335209,0.339005,0.333203,0.334208,5215344.5819364
2025-01-28 08:00:00,0.334263,0.336129,0.332193,0.333534,7295849.0597279
2025-01-28 12:00:00,0.333534,0.3374,0.32827,0.333209,12676427.19161879
2025-01-28 16:00:00,0.333211,0.333549,0.322501,0.326169,8653861.40475144
2025-01-28 20:00:00,0.3262,0.327018,0.3152,0.31888,10461937.04692352
2025-01-29 00:00:00,0.318724,0.329281,0.318272,0.327732,3882670.56298596
2025-01-29 04:00:00,0.327909,0.332793,0.326046,0.332331,8847313.05204685
2025-01-29 08:00:00,0.332198,0.3336,0.325271,0.327561,8677224.75183093
2025-01-29 12:00:00,0.327562,0.329105,0.32204,0.324311,7798585.70853123
2025-01-29 16:00:00,0.324258,0.332998,0.3166,0.3287,18934090.63144148
2025-01-29 20:00:00,0.328469,0.334999,0.323456,0.324202,11194964.4665309
2025-01-30 00:00:00,0.324203,0.332998,0.3222,0.332557,7652913.76721186
2025-01-30 04:00:00,0.332543,0.333124,0.329735,0.330954,11191711.00311277
2025-01-30 08:00:00,0.331155,0.333402,0.329315,0.332303,5516934.41990548
2025-01-30 12:00:00,0.33217,0.400001,0.330039,0.336757,16793597.03583962
2025-01-30 16:00:00,0.336783,0.337604,0.33218,0.33478,7598542.04301693
2025-01-30 20:00:00,0.334958,0.335167,0.331006,0.331736,4176595.99014487
2025-01-31 00:00:00,0.331669,0.332692,0.326007,0.327893,5646621.82277444
2025-01-31 04:00:00,0.327991,0.330796,0.325771,0.328404,9169013.72006473
2025-01-31 08:00:00,0.328324,0.332058,0.326144,0.331244,6201810.6476357
2025-01-31 12:00:00,0.331248,0.341501,0.330563,0.339728,17723399.18690435
2025-01-31 16:00:00,0.339497,0.341265,0.32463,0.327857,15516826.62443163
2025-01-31 20:00:00,0.327841,0.330351,0.323699,0.328932,9433584.48685451
2025-02-01 00:00:00,0.328753,0.332184,0.326679,0.327491,3695360.45343912
2025-02-01 04:00:00,0.327491,0.329996,0.325203,0.325641,4126196.12507837
2025-02-01 08:00:00,0.325709,0.326429,0.320318,0.325354,10339037.91670694
2025-02-01 12:00:00,0.325349,0.326341,0.320003,0.321928,7426311.92351327
2025-02-01 16:00:00,0.322052,0.323413,0.313461,0.315289,13807191.11343063
2025-02-01 20:00:00,0.315313,0.316027,0.303521,0.308304,18471964.53710097
2025-02-02 00:00:00,0.307955,0.314827,0.297219,0.298569,11140460.63691187
2025-02-02 04:00:00,0.298562,0.306474,0.297233,0.300197,14609186.4814451
2025-02-02 08:00:00,0.300197,0.30459,0.288627,0.291508,17359037.05436454
2025-02-02 12:00:00,0.291499,0.299398,0.290185,0.294642,13782183.64882311
2025-02-02 16:00:00,0.294645,0.294881,0.263507,0.274865,104720776.63327229
2025-02-02 20:00:00,0.274635,0.278934,0.250021,0.267829,42341257.44849441
2025-02-03 00:00:00,0.268,0.268084,0.201111,0.23419,163633304.80247903
2025-02-03 04:00:00,0.234005,0.256766,0.222411,0.256042,68644972.96593834
2025-02-03 08:00:00,0.255806,0.261851,0.24518,0.254141,39179892.80794957
2025-02-03 12:00:00,0.254083,0.271927,0.24044,0.268551,82640380.14226091
2025-02-03 16:00:00,0.26854,0.288406,0.26591,0.286909,39745507.64938498
2025-02-03 20:00:00,0.286813,0.292794,0.274826,0.284783,22998167.25285881
2025-02-04 00:00:00,0.284843,0.288866,0.2788,0.28117,6536571.74990417
2025-02-04 04:00:00,0.281214,0.282757,0.256,0.259591,36986892.30389207
2025-02-04 08:00:00,0.259939,0.27246,0.257618,0.267631,15590686.04267867
2025-02-04 12:00:00,0.268126,0.276038,0.262584,0.268823,23121945.7336798
2025-02-04 16:00:00,0.268973,0.27647,0.265404,0.265722,16750422.38639386
2025-02-04 20:00:00,0.265616,0.268167,0.255044,0.263532,26469063.36472767
2025-02-05 00:00:00,0.263422,0.266772,0.26078,0.263864,7518389.36501259
2025-02-05 04:00:00,0.264026,0.26833,0.262297,0.265338,8522488.06170532
2025-02-05 08:00:00,0.265415,0.26803,0.263322,0.268025,9651856.62039475
2025-02-05 12:00:00,0.26803,0.269048,0.26101,0.263148,10130565.30562529
2025-02-05 16:00:00,0.263149,0.264385,0.253751,0.25937,12672709.7728184
2025-02-05 20:00:00,0.259374,0.260585,0.25333,0.256037,4939971.18266372
2025-02-06 00:00:00,0.256076,0.260395,0.254951,0.259941,2769010.30680725
2025-02-06 04:00:00,0.260079,0.26596,0.25947,0.262969,5330582.97288624
2025-02-06 08:00:00,0.26297,0.264999,0.259533,0.26264,8180163.6439502
2025-02-06 12:00:00,0.2626,0.263301,0.24757,0.249253,19219145.14385204
2025-02-06 16:00:00,0.249292,0.251668,0.242687,0.244103,17523622.64946017
2025-02-06 20:00:00,0.243751,0.250605,0.243416,0.247805,5642930.70319123
2025-02-07 00:00:00,0.247801,0.25398,0.247439,0.251456,3901711.35573753
2025-02-07 04:00:00,0.251556,0.253244,0.246014,0.248947,6324714.74216928
2025-02-07 08:00:00,0.248864,0.25551,0.2478,0.25551,10448413.41997969
2025-02-07 12:00:00,0.255481,0.261489,0.250307,0.254617,29181565.35292885
2025-02-07 16:00:00,0.254566,0.255337,0.24859,0.2512,16319489.85437171
2025-02-07 20:00:00,0.251201,0.251201,0.238503,0.246713,17893107.27045904
2025-02-08 00:00:00,0.246477,0.24996,0.245822,0.246709,5769456.72962209
2025-02-08 04:00:00,0.246375,0.249141,0.244423,0.248102,3753243.99057223
2025-02-08 08:00:00,0.248038,0.24902,0.246006,0.248362,6751439.64335396
2025-02-08 12:00:00,0.248051,0.251457,0.246923,0.248512,8169516.35157258
2025-02-08 16:00:00,0.248507,0.253983,0.247525,0.252304,10755405.25324705
2025-02-08 20:00:00,0.252312,0.254262,0.250733,0.25286,3644111.02565609
2025-02-09 00:00:00,0.252919,0.259999,0.251976,0.258973,4223157.97559724
2025-02-09 04:00:00,0.259082,0.259082,0.254796,0.25574,15142512.37532634
2025-02-09 08:00:00,0.255756,0.258042,0.25382,0.253893,18268083.2482869
2025-02-09 12:00:00,0.253893,0.255165,0.248658,0.253198,25301802.57073563
2025-02-09 16:00:00,0.253317,0.25473,0.24866,0.249514,8250446.08840095
2025-02-09 20:00:00,0.249514,0.252577,0.239761,0.248924,15974707.89589483
2025-02-10 00:00:00,0.248831,0.253642,0.241661,0.247876,10323811.89269897
2025-02-10 04:00:00,0.247744,0.252358,0.247038,0.250706,6132462.76239013
2025-02-10 08:00:00,0.250705,0.253365,0.249963,0.251327,12078653.511431
2025-02-10 12:00:00,0.251215,0.255496,0.248593,0.251392,12931467.02623357
2025-02-10 16:00:00,0.251435,0.255117,0.251078,0.25333,8853347.27349404
2025-02-10 20:00:00,0.253245,0.256381,0.252393,0.255375,6459237.3269941
2025-02-11 00:00:00,0.255611,0.260484,0.254935,0.257735,7232464.12706929
2025-02-11 04:00:00,0.257735,0.269896,0.257439,0.26637,32367321.32779101
2025-02-11 08:00:00,0.266358,0.268374,0.263404,0.265198,14830841.82790656
2025-02-11 12:00:00,0.265222,0.26528,0.255396,0.258917,17873929.26073234
2025-02-11 16:00:00,0.259113,0.260399,0.24857,0.25049,13294198.30650464
2025-02-11 20:00:00,0.250491,0.256539,0.250052,0.253157,10169915.91876305
2025-02-12 00:00:00,0.252998,0.255018,0.249605,0.250927,4971348.91664975
2025-02-12 04:00:00,0.250892,0.254447,0.249565,0.253481,7182118.31985615
2025-02-12 08:00:00,0.253541,0.256812,0.25284,0.256179,25893472.19746478
2025-02-12 12:00:00,0.256161,0.260237,0.246424,0.254413,38126818.95072306
2025-02-12 16:00:00,0.254413,0.262343,0.250792,0.261605,16355132.14317814
2025-02-12 20:00:00,0.261605,0.267222,0.260689,0.264063,31595794.8974639
2025-02-13 00:00:00,0.2641,0.267,0.262173,0.265204,8531782.77212191
2025-02-13 04:00:00,0.265308,0.265414,0.257,0.258255,15902997.70433407
2025-02-13 08:00:00,0.258255,0.259746,0.2561,0.257626,28897436.33661249
2025-02-13 12:00:00,0.257651,0.259329,0.253277,0.257472,14463345.79057605
2025-02-13 16:00:00,0.25746,0.259462,0.254172,0.256265,7873937.89311782
2025-02-13 20:00:00,0.256132,0.264758,0.256067,0.262361,9874504.0096976
2025-02-14 00:00:00,0.262432,0.265403,0.260771,0.263943,7060163.28430509
2025-02-14 04:00:00,0.264027,0.264278,0.260793,0.263878,6965340.08353205
2025-02-14 08:00:00,0.263878,0.2748,0.263878,0.271397,54804118.92701107
2025-02-14 12:00:00,0.271397,0.275687,0.266329,0.271972,22048029.09769126
2025-02-14 16:00:00,0.272383,0.286768,0.269986,0.276185,33895703.06438697
2025-02-14 20:00:00,0.276322,0.277016,0.267711,0.271835,15563118.08083659
2025-02-15 00:00:00,0.271833,0.283208,0.27002,0.278613,10286114.98908555
2025-02-15 04:00:00,0.278575,0.280863,0.273608,0.27534,10455319.83859861
2025-02-15 08:00:00,0.275302,0.280799,0.275302,0.277636,10875683.23765329
2025-02-15 12:00:00,0.277501,0.279963,0.271496,0.275291,14770350.35705995
2025-02-15 16:00:00,0.2753,0.276195,0.270008,0.270709,9864488.29970583
2025-02-15 20:00:00,0.27085,0.272467,0.268262,0.271664,8446674.22168167
2025-02-16 00:00:00,0.271625,0.274128,0.269048,0.270983,3887017.82489109
2025-02-16 04:00:00,0.271077,0.273283,0.269072,0.269598,6291340.4567581
2025-02-16 08:00:00,0.269597,0.271388,0.267654,0.270895,6594112.607978
2025-02-16 12:00:00,0.27104,0.27104,0.2651,0.26766,11229484.97082239
2025-02-16 16:00:00,0.267663,0.268294,0.264459,0.266386,36642617.50229164
2025-02-16 20:00:00,0.266306,0.2679,0.26452,0.265721,12445062.64304629
2025-02-17 00:00:00,0.265603,0.268806,0.2654,0.26582,12528135.25678477
2025-02-17 04:00:00,0.265846,0.265901,0.259,0.259863,20252303.8270803
2025-02-17 08:00:00,0.259897,0.265594,0.258794,0.263578,12254370.0167608
2025-02-17 12:00:00,0.263564,0.268906,0.259642,0.26051,33155733.5612826
2025-02-17 16:00:00,0.260504,0.261708,0.254102,0.256895,23785248.59623455
2025-02-17 20:00:00,0.256769,0.26128,0.256519,0.258181,5425288.94914222
2025-02-18 00:00:00,0.258338,0.259815,0.256104,0.257853,5984745.22117669
2025-02-18 04:00:00,0.257584,0.257939,0.247,0.250525,39514811.94492837
2025-02-18 08:00:00,0.250706,0.253749,0.248073,0.251161,7644889.95268648
2025-02-18 12:00:00,0.251074,0.256067,0.245,0.246885,14348261.24093848
2025-02-18 16:00:00,0.246852,0.248707,0.242221,0.246968,18980639.69390266
2025-02-18 20:00:00,0.246869,0.251299,0.245725,0.251299,4892619.21224727
2025-02-19 00:00:00,0.251141,0.253394,0.248978,0.252511,2813018.43904968
2025-02-19 04:00:00,0.252866,0.254469,0.249101,0.253949,5302529.52764975
2025-02-19 08:00:00,0.253852,0.25518,0.251739,0.254861,10493514.56335959
2025-02-19 12:00:00,0.254861,0.255459,0.250041,0.252175,11138258.39181855
2025-02-19 16:00:00,0.252247,0.254818,0.250382,0.251782,8527655.5430657
2025-02-19 20:00:00,0.251886,0.255197,0.250912,0.25474,5878379.89396301
2025-02-20 00:00:00,0.254768,0.257118,0.254143,0.255767,4285731.6255765
2025-02-20 04:00:00,0.255787,0.25717,0.25356,0.254596,6587575.46662622
2025-02-20 08:00:00,0.254522,0.2555,0.252493,0.255051,27484735.01582974
2025-02-20 12:00:00,0.255244,0.257478,0.250551,0.250975,12173130.33096722
2025-02-20 16:00:00,0.251175,0.254966,0.250068,0.254314,8104735.76799799
2025-02-20 20:00:00,0.254315,0.255805,0.251609,0.25477,8025892.15626009
2025-02-21 00:00:00,0.254791,0.255199,0.251872,0.252148,5363442.17573321
2025-02-21 04:00:00,0.252174,0.25473,0.252119,0.253147,5325249.22764551
2025-02-21 08:00:00,0.253151,0.258413,0.252916,0.255229,8526436.9151619
2025-02-21 12:00:00,0.255229,0.261177,0.249635,0.252439,20051646.81816547
2025-02-21 16:00:00,0.252339,0.255607,0.238275,0.24014,26607439.68842949
2025-02-21 20:00:00,0.240109,0.241798,0.234414,0.239452,31898851.81265066
2025-02-22 00:00:00,0.239683,0.244165,0.238049,0.24191,10902839.99266772
2025-02-22 04:00:00,0.2416,0.245225,0.241254,0.243719,6609049.93198465
2025-02-22 08:00:00,0.243932,0.244988,0.242978,0.243873,3928157.70670842
2025-02-22 12:00:00,0.243919,0.246126,0.243024,0.245677,6093883.04714289
2025-02-22 16:00:00,0.245603,0.24778,0.245112,0.247037,5869142.80749297
2025-02-22 20:00:00,0.247037,0.247379,0.245669,0.246547,3046330.89797491
2025-02-23 00:00:00,0.246592,0.246592,0.243502,0.24396,2248051.80424593
2025-02-23 04:00:00,0.244031,0.247563,0.243027,0.246887,5172636.05892944
2025-02-23 08:00:00,0.246957,0.24696,0.244331,0.244526,4893359.68517464
2025-02-23 12:00:00,0.244582,0.245422,0.240435,0.240691,9018680.77208157
2025-02-23 16:00:00,0.240768,0.243112,0.240616,0.241254,4976825.4165961
2025-02-23 20:00:00,0.241237,0.243999,0.240453,0.242812,2938871.19762282
2025-02-24 00:00:00,0.242995,0.243964,0.228186,0.230217,14428910.55529393
2025-02-24 04:00:00,0.230212,0.233941,0.22652,0.233199,13952173.58978353
2025-02-24 08:00:00,0.233285,0.233317,0.227412,0.231332,12745066.12129628
2025-02-24 12:00:00,0.231244,0.232514,0.222293,0.225448,17626220.06187261
2025-02-24 16:00:00,0.225438,0.228477,0.218502,0.222041,13658668.57215087
2025-02-24 20:00:00,0.22183,0.22524,0.205113,0.210483,50563418.30534526
2025-02-25 00:00:00,0.210487,0.214005,0.20389,0.210347,30516247.24171281
2025-02-25 04:00:00,0.210303,0.21293,0.19771,0.204208,53614784.47604282
2025-02-25 08:00:00,0.20394,0.207614,0.195523,0.206643,57868329.30907656
2025-02-25 12:00:00,0.206688,0.209744,0.198022,0.20334,31650927.80703143
2025-02-25 16:00:00,0.203837,0.208721,0.200101,0.208639,23368957.64975575
2025-02-25 20:00:00,0.208627,0.214792,0.20721,0.211663,23201020.34913817
2025-02-26 00:00:00,0.211714,0.214034,0.208402,0.212143,11980148.92417558
2025-02-26 04:00:00,0.212098,0.213809,0.208426,0.21031,10747224.23558759
2025-02-26 08:00:00,0.210226,0.2138,0.20824,0.210004,12453161.65827443
2025-02-26 12:00:00,0.21002,0.213256,0.202043,0.209809,27824491.22812134
2025-02-26 16:00:00,0.209929,0.210868,0.196296,0.198665,41259621.14734054
2025-02-26 20:00:00,0.198664,0.20766,0.196425,0.203508,25576902.94191835
2025-02-27 00:00:00,0.203519,0.206807,0.201122,0.206361,13730978.7641939
2025-02-27 04:00:00,0.206286,0.210562,0.204225,0.208841,10588463.49778385
2025-02-27 08:00:00,0.208716,0.211509,0.207381,0.209257,13929854.15631359
2025-02-27 12:00:00,0.209329,0.210527,0.204174,0.209211,30070815.92935765
2025-02-27 16:00:00,0.209212,0.211083,0.204375,0.20501,25619183.67837459
2025-02-27 20:00:00,0.20514,0.207906,0.201134,0.206844,8774704.14562154
2025-02-28 00:00:00,0.206882,0.20726,0.18915,0.189615,46137318.68104144
2025-02-28 04:00:00,0.189621,0.190351,0.18343,0.185347,73734335.79405071
2025-02-28 08:00:00,0.185332,0.189429,0.181502,0.185997,32710814.71471364
2025-02-28 12:00:00,0.185943,0.199439,0.18452,0.197518,29239790.02789678
2025-02-28 16:00:00,0.197575,0.202459,0.195567,0.200871,18048777.69509315
2025-02-28 20:00:00,0.201033,0.2024,0.198606,0.201728,14179551.37872918
2025-03-01 00:00:00,0.20178,0.206999,0.199254,0.2061,11501370.63769552
2025-03-01 04:00:00,0.206112,0.208906,0.203562,0.204129,9957774.11538892
2025-03-01 08:00:00,0.204154,0.206325,0.20158,0.202903,10712386.57802535
2025-03-01 12:00:00,0.203024,0.203536,0.199615,0.202053,10548027.18466544
2025-03-01 16:00:00,0.201978,0.204994,0.200876,0.204272,7858514.11384161
2025-03-01 20:00:00,0.204513,0.207711,0.203016,0.20669,5658264.94783543
2025-03-02 00:00:00,0.206713,0.208393,0.204677,0.206482,2837624.40899771
2025-03-02 04:00:00,0.206468,0.208657,0.204895,0.207056,5849512.41674312
2025-03-02 08:00:00,0.207056,0.209962,0.205344,0.207791,8651411.82880527
2025-03-02 12:00:00,0.207789,0.218172,0.201643,0.210553,59116205.0393747
2025-03-02 16:00:00,0.21056,0.235944,0.210462,0.232118,132338546.36290188
2025-03-02 20:00:00,0.231975,0.241964,0.230496,0.23908,24137878.42820548
2025-03-03 00:00:00,0.239435,0.240395,0.2255,0.22716,19053503.37844822
2025-03-03 04:00:00,0.227217,0.228899,0.216779,0.222528,20463432.40976249
2025-03-03 08:00:00,0.222534,0.222762,0.215423,0.219539,15380831.22819039
2025-03-03 12:00:00,0.219714,0.224997,0.212011,0.215199,29040877.79689002
2025-03-03 16:00:00,0.215298,0.217814,0.2,0.2,55287506.18762024
2025-03-03 20:00:00,0.2,0.203286,0.193464,0.199278,45574318.87466074
2025-03-04 00:00:00,0.199285,0.201256,0.185545,0.191361,49963260.46394375
2025-03-04 04:00:00,0.191145,0.195032,0.190699,0.192031,20746347.79731607
2025-03-04 08:00:00,0.192031,0.195279,0.190709,0.193477,7774853.82815845
2025-03-04 12:00:00,0.193306,0.200679,0.187907,0.193006,50078311.87778749
2025-03-04 16:00:00,0.192883,0.201279,0.183004,0.200432,31775365.00623942
2025-03-04 20:00:00,0.200453,0.202216,0.196236,0.198944,6502166.06843712
2025-03-05 00:00:00,0.198731,0.204289,0.197144,0.19946,6841968.17997765
2025-03-05 04:00:00,0.1994,0.200706,0.196352,0.199607,6591697.61897566
2025-03-05 08:00:00,0.199583,0.206582,0.19935,0.202746,12384876.8028848
2025-03-05 12:00:00,0.202786,0.20531,0.19803,0.199845,16215759.68411813
2025-03-05 16:00:00,0.199914,0.204719,0.197794,0.203981,9188842.64084672
2025-03-05 20:00:00,0.203986,0.205542,0.203285,0.204758,5527742.81611239
2025-03-06 00:00:00,0.204686,0.209407,0.202302,0.208296,5878651.27118025
2025-03-06 04:00:00,0.208274,0.219926,0.207706,0.208756,19310721.01436011
2025-03-06 08:00:00,0.209031,0.211828,0.207927,0.211188,9467855.61941325
2025-03-06 12:00:00,0.211178,0.2115,0.202569,0.20663,12008204.74020752
2025-03-06 16:00:00,0.206859,0.207231,0.199114,0.20005,14012089.97897917
2025-03-06 20:00:00,0.200047,0.204739,0.199503,0.201559,12164486.68795586
2025-03-07 00:00:00,0.201625,0.204024,0.190374,0.196354,35623047.6581488
2025-03-07 04:00:00,0.196447,0.201215,0.196185,0.200827,8956228.34591875
2025-03-07 08:00:00,0.200786,0.205554,0.199728,0.20431,11379812.9598108
2025-03-07 12:00:00,0.20437,0.208642,0.201863,0.204944,17154206.47472242
2025-03-07 16:00:00,0.204943,0.207028,0.198436,0.205208,15805595.25871797
2025-03-07 20:00:00,0.205455,0.207183,0.195966,0.198291,12541798.36376845
2025-03-08 00:00:00,0.19833,0.200812,0.195302,0.197644,7981144.50297933
2025-03-08 04:00:00,0.197547,0.199555,0.196092,0.196467,7404008.40277471
2025-03-08 08:00:00,0.196447,0.197174,0.193113,0.19416,5667694.16523055
2025-03-08 12:00:00,0.194308,0.196633,0.19347,0.194739,8266972.24142906
2025-03-08 16:00:00,0.194681,0.195523,0.191186,0.194899,10639598.47464849
2025-03-08 20:00:00,0.194899,0.195297,0.191522,0.192249,5216989.49149958
2025-03-09 00:00:00,0.192404,0.194198,0.189494,0.190876,4817991.51145756
2025-03-09 04:00:00,0.190876,0.192021,0.188888,0.191354,6405850.57212
2025-03-09 08:00:00,0.191387,0.191455,0.183877,0.185488,8359034.92136088
2025-03-09 12:00:00,0.185219,0.185219,0.176149,0.177389,16913945.97989267
2025-03-09 16:00:00,0.177356,0.177858,0.16542,0.171594,55555873.27920248
2025-03-09 20:00:00,0.171595,0.172807,0.165664,0.168134,23098364.65502208
2025-03-10 00:00:00,0.168245,0.174133,0.164703,0.171716,13698569.52604708
2025-03-10 04:00:00,0.17172,0.175077,0.171668,0.173875,8172372.80693935
2025-03-10 08:00:00,0.173872,0.180947,0.170686,0.177448,26336064.518234
2025-03-10 12:00:00,0.177434,0.178464,0.164125,0.167253,46485871.50647794
2025-03-10 16:00:00,0.167186,0.167782,0.150514,0.157103,61130660.90087778
2025-03-10 20:00:00,0.157419,0.158539,0.153762,0.153806,24552993.81330701
2025-03-11 00:00:00,0.154292,0.156964,0.143,0.15448,81696639.84067835
2025-03-11 04:00:00,0.154465,0.16005,0.154138,0.15886,19537215.84188688
2025-03-11 08:00:00,0.158706,0.162687,0.158469,0.161594,17510891.69202333
2025-03-11 12:00:00,0.161745,0.162848,0.152827,0.161092,49760242.90142554
2025-03-11 16:00:00,0.161083,0.168503,0.158758,0.168414,42794739.67942501
2025-03-11 20:00:00,0.168379,0.168527,0.164006,0.164213,8040430.12980461
2025-03-12 00:00:00,0.164617,0.16827,0.161001,0.161105,8972347.59285115
2025-03-12 04:00:00,0.161062,0.16591,0.159579,0.165409,8969941.30462371
2025-03-12 08:00:00,0.165435,0.169357,0.165015,0.168539,10726691.1308223
2025-03-12 12:00:00,0.168539,0.174755,0.161339,0.16523,37167485.29593132
2025-03-12 16:00:00,0.164887,0.169794,0.164838,0.169317,9576821.27482072
2025-03-12 20:00:00,0.169082,0.172607,0.168578,0.172348,11841242.47079359
2025-03-13 00:00:00,0.172657,0.1729,0.169923,0.170394,9786420.81905152
2025-03-13 04:00:00,0.170376,0.171204,0.166466,0.169642,11355575.07025571
2025-03-13 08:00:00,0.169685,0.172551,0.168168,0.170529,11774098.65417332
2025-03-13 12:00:00,0.170565,0.172292,0.165431,0.166,31287784.43060056
2025-03-13 16:00:00,0.165996,0.166552,0.162203,0.162836,13898844.16921472
2025-03-13 20:00:00,0.162828,0.166591,0.161706,0.165073,7210815.73561573
2025-03-14 00:00:00,0.165139,0.169196,0.16466,0.168707,6054494.96269957
2025-03-14 04:00:00,0.168724,0.169425,0.167759,0.16844,5701893.68606152
2025-03-14 08:00:00,0.16843,0.170379,0.168143,0.169769,7013965.25701883
2025-03-14 12:00:00,0.169773,0.176292,0.168786,0.173186,18729916.53872854
2025-03-14 16:00:00,0.173417,0.174125,0.170296,0.170966,13688952.99840768
2025-03-14 20:00:00,0.170803,0.173589,0.169256,0.171808,9588486.03208434
2025-03-15 00:00:00,0.171808,0.173723,0.171206,0.173664,3835413.43843247
2025-03-15 04:00:00,0.173723,0.174989,0.171448,0.172071,5436645.65629436
2025-03-15 08:00:00,0.172171,0.174447,0.171238,0.174203,6302076.4765208
2025-03-15 12:00:00,0.174208,0.177593,0.173912,0.176667,14843802.75884253
2025-03-15 16:00:00,0.176891,0.177819,0.174357,0.175291,10110137.68534917
2025-03-15 20:00:00,0.175422,0.177383,0.175271,0.175865,6314025.17782698
2025-03-16 00:00:00,0.175964,0.176726,0.17306,0.174692,3211058.45582661
2025-03-16 04:00:00,0.174663,0.176456,0.174263,0.175403,5496550.77794854
2025-03-16 08:00:00,0.175447,0.175643,0.16688,0.167574,12880797.03744037
2025-03-16 12:00:00,0.16764,0.169218,0.165753,0.168192,10473195.08494967
2025-03-16 16:00:00,0.168104,0.172337,0.167578,0.16824,15571409.65548205
2025-03-16 20:00:00,0.168189,0.169668,0.166593,0.168165,5937484.27196734
2025-03-17 00:00:00,0.168159,0.173,0.168022,0.172776,9044239.90044846
2025-03-17 04:00:00,0.17282,0.173534,0.169884,0.172601,19093646.33101703
2025-03-17 08:00:00,0.172627,0.174846,0.171722,0.17288,7936495.3570909
2025-03-17 12:00:00,0.172882,0.1743,0.169632,0.172357,13758400.7734963
2025-03-17 16:00:00,0.172144,0.176175,0.171271,0.174999,8844577.43293546
2025-03-17 20:00:00,0.175,0.175,0.172906,0.173271,4321199.98011406
2025-03-18 00:00:00,0.173254,0.173283,0.167051,0.167745,10634390.986414
2025-03-18 04:00:00,0.167602,0.168917,0.165371,0.16777,8717933.73676287
2025-03-18 08:00:00,0.167768,0.16961,0.166046,0.166407,6859172.02073274
2025-03-18 12:00:00,0.166288,0.167216,0.162806,0.163713,10202829.14028763
2025-03-18 16:00:00,0.163731,0.166419,0.163,0.166149,7815957.66999111
2025-03-18 20:00:00,0.16627,0.168665,0.165327,0.168115,5243310.02900805
2025-03-19 00:00:00,0.167985,0.169465,0.166757,0.168701,4193570.57684041
2025-03-19 04:00:00,0.168705,0.168838,0.167153,0.167195,5837056.47769772
2025-03-19 08:00:00,0.167309,0.171751,0.167258,0.171039,8961658.1267136
2025-03-19 12:00:00,0.171039,0.173999,0.168969,0.173427,12875031.92017944
2025-03-19 16:00:00,0.173441,0.175957,0.168289,0.173954,16096350.74324584
2025-03-19 20:00:00,0.174079,0.178551,0.173487,0.1779,12474222.74079113
2025-03-20 00:00:00,0.177907,0.179127,0.175409,0.17566,8570084.53532482
2025-03-20 04:00:00,0.175624,0.175864,0.1736,0.174169,11480033.21262
2025-03-20 08:00:00,0.174157,0.176182,0.170781,0.171845,13288095.90753292
2025-03-20 12:00:00,0.172,0.174346,0.169612,0.169646,13886476.06509952
2025-03-20 16:00:00,0.169609,0.17029,0.166679,0.169404,18906798.75412064
2025-03-20 20:00:00,0.169423,0.170211,0.168401,0.169431,9449123.99445815
2025-03-21 00:00:00,0.169396,0.171568,0.168874,0.169471,3909258.786628
2025-03-21 04:00:00,0.169459,0.170736,0.167542,0.168478,5240822.83490944
2025-03-21 08:00:00,0.168479,0.169172,0.166208,0.167502,11026522.70514043
2025-03-21 12:00:00,0.167492,0.168116,0.165,0.165617,16861876.96411804
2025-03-21 16:00:00,0.165568,0.169277,0.165204,0.168505,23705474.90356387
2025-03-21 20:00:00,0.16849,0.169812,0.166935,0.167326,6866249.24376054
2025-03-22 00:00:00,0.167181,0.169134,0.167113,0.168775,6556900.28143515
2025-03-22 04:00:00,0.168683,0.169493,0.168548,0.1688,8196981.71647924
2025-03-22 08:00:00,0.1688,0.169696,0.168207,0.168739,8015333.27936627
2025-03-22 12:00:00,0.16872,0.168978,0.167261,0.168056,7795264.83365214
2025-03-22 16:00:00,0.167982,0.169568,0.167593,0.168943,6197013.56453397
2025-03-22 20:00:00,0.168946,0.169295,0.166634,0.167365,4671423.77489727
2025-03-23 00:00:00,0.16735,0.168831,0.167047,0.168628,2691240.16926137
2025-03-23 04:00:00,0.168658,0.17029,0.167321,0.16953,7173753.31036692
2025-03-23 08:00:00,0.169533,0.172189,0.169533,0.170933,12569234.93502976
2025-03-23 12:00:00,0.170956,0.172263,0.17032,0.171936,10423846.38617689
2025-03-23 16:00:00,0.171917,0.171939,0.169604,0.170968,6090469.7845307
2025-03-23 20:00:00,0.170953,0.1725,0.170041,0.172499,6036295.85859796
2025-03-24 00:00:00,0.172499,0.174667,0.170653,0.173629,9066426.49770957
2025-03-24 04:00:00,0.173628,0.175853,0.173628,0.174899,9935992.0466799
2025-03-24 08:00:00,0.174894,0.177,0.174881,0.1768,12046964.8396174
2025-03-24 12:00:00,0.1768,0.18478,0.175355,0.183388,34655513.28968578
2025-03-24 16:00:00,0.183392,0.188626,0.180527,0.186428,24317272.14471661
2025-03-24 20:00:00,0.18634,0.188975,0.181917,0.182926,15989708.73713433
2025-03-25 00:00:00,0.182852,0.187707,0.181411,0.181976,16071707.38738267
2025-03-25 04:00:00,0.181921,0.185164,0.180858,0.182941,9437224.8101508
2025-03-25 08:00:00,0.182973,0.187088,0.182535,0.186,12834895.29391932
2025-03-25 12:00:00,0.185949,0.193604,0.184514,0.190971,21441926.72662362
2025-03-25 16:00:00,0.190799,0.193356,0.188749,0.1911,17152131.9560038
2025-03-25 20:00:00,0.191188,0.194,0.188761,0.190733,15312604.1752288
2025-03-26 00:00:00,0.190732,0.197039,0.189497,0.190274,22627622.46889476
2025-03-26 04:00:00,0.190186,0.2019,0.189981,0.201302,45241357.18676665
2025-03-26 08:00:00,0.201299,0.205774,0.200631,0.203299,30858392.01603245
2025-03-26 12:00:00,0.203464,0.20383,0.194779,0.196193,39246873.47862154
2025-03-26 16:00:00,0.196134,0.197922,0.191639,0.194013,23212019.88914182
2025-03-26 20:00:00,0.193954,0.197899,0.192043,0.194828,11066582.83403707
2025-03-27 00:00:00,0.194762,0.200476,0.192708,0.199263,5785499.71911086
2025-03-27 04:00:00,0.199379,0.199595,0.195112,0.196041,7407500.45509658
2025-03-27 08:00:00,0.196085,0.197676,0.192579,0.193301,8253469.49912828
2025-03-27 12:00:00,0.193249,0.195175,0.189006,0.192086,19800512.31265933
2025-03-27 16:00:00,0.192017,0.193276,0.18786,0.190922,14603290.87774727
2025-03-27 20:00:00,0.19102,0.193543,0.190247,0.190475,4435099.73464138
2025-03-28 00:00:00,0.190475,0.192865,0.187616,0.189319,7068145.55597795
2025-03-28 04:00:00,0.189343,0.189844,0.181271,0.181631,23255673.04149421
2025-03-28 08:00:00,0.1815,0.182988,0.179,0.18203,27635420.45419994
2025-03-28 12:00:00,0.181872,0.182433,0.178,0.179621,21483456.33619332
2025-03-28 16:00:00,0.179621,0.18132,0.178642,0.178921,10417786.15542703
2025-03-28 20:00:00,0.178659,0.181449,0.17733,0.180183,9298196.53010899
2025-03-29 00:00:00,0.180165,0.182533,0.175225,0.178737,6142736.22277734
2025-03-29 04:00:00,0.178725,0.179715,0.173876,0.1749,16829924.61973597
2025-03-29 08:00:00,0.17471,0.175587,0.168536,0.169952,17915575.39329458
2025-03-29 12:00:00,0.169975,0.172577,0.169545,0.169801,9820684.73533799
2025-03-29 16:00:00,0.170102,0.170565,0.166,0.169401,14692399.80905956
2025-03-29 20:00:00,0.169434,0.169789,0.167001,0.169472,8070401.60212092
2025-03-30 00:00:00,0.16948,0.172455,0.167964,0.170843,7047049.1191332
2025-03-30 04:00:00,0.170824,0.172141,0.169886,0.170416,7060989.81791138
2025-03-30 08:00:00,0.170442,0.172141,0.169072,0.169704,7559115.96433647
2025-03-30 12:00:00,0.169896,0.170938,0.167692,0.16858,7318061.30344944
2025-03-30 16:00:00,0.16856,0.171239,0.166295,0.169338,10174886.66463007
2025-03-30 20:00:00,0.169348,0.169533,0.16452,0.166555,9108104.77734987
2025-03-31 00:00:00,0.166627,0.167975,0.162927,0.164697,6055254.47488966
2025-03-31 04:00:00,0.164685,0.167383,0.1625,0.163375,15138926.06741776
2025-03-31 08:00:00,0.163397,0.164961,0.160601,0.163329,29406351.68064602
2025-03-31 12:00:00,0.163247,0.1685,0.160884,0.1671,16419295.43802997
2025-03-31 16:00:00,0.167115,0.16815,0.164227,0.165712,12782891.63855857
2025-03-31 20:00:00,0.165728,0.166999,0.164306,0.166632,6186056.70895309
2025-04-01 00:00:00,0.166632,0.169727,0.166002,0.1685,5480513.82370504
2025-04-01 04:00:00,0.168582,0.170962,0.167933,0.169609,8436022.44745757
2025-04-01 08:00:00,0.16961,0.175193,0.16961,0.170495,22077708.40287344
2025-04-01 12:00:00,0.170486,0.175585,0.16732,0.174958,21264595.57876958
2025-04-01 16:00:00,0.174936,0.175687,0.171078,0.172077,11848214.4689707
2025-04-01 20:00:00,0.171952,0.175,0.171027,0.173932,8175331.49626715
2025-04-02 00:00:00,0.173925,0.173992,0.169832,0.171059,6499062.25344542
2025-04-02 04:00:00,0.171059,0.172121,0.16772,0.169753,9895102.47495783
2025-04-02 08:00:00,0.16959,0.173464,0.168926,0.171219,8305683.56531452
2025-04-02 12:00:00,0.171219,0.178,0.16956,0.175816,25238345.31461251
2025-04-02 16:00:00,0.17626,0.176281,0.170516,0.174243,11014321.94669019
2025-04-02 20:00:00,0.174237,0.17966,0.162075,0.163824,42535092.77378259
2025-04-03 00:00:00,0.163697,0.166777,0.163228,0.166055,7719644.54829208
2025-04-03 04:00:00,0.166096,0.167478,0.163426,0.164408,7080638.6231609
2025-04-03 08:00:00,0.164314,0.165053,0.1598,0.160545,22568038.15577404
2025-04-03 12:00:00,0.16054,0.161198,0.1555,0.158533,48982794.81369834
2025-04-03 16:00:00,0.158564,0.16,0.157165,0.158713,11522509.37779563
2025-04-03 20:00:00,0.158826,0.162322,0.157997,0.162304,6986787.44190887
2025-04-04 00:00:00,0.16235,0.163343,0.160012,0.162638,4483910.77123397
2025-04-04 04:00:00,0.162652,0.166882,0.161869,0.166275,7194087.7573641
2025-04-04 08:00:00,0.166408,0.167557,0.160035,0.162317,14488430.96422658
2025-04-04 12:00:00,0.162225,0.171498,0.161591,0.167522,41703763.53105483
2025-04-04 16:00:00,0.167491,0.171925,0.167027,0.169725,65485604.03346003
2025-04-04 20:00:00,0.169724,0.172851,0.168599,0.17114,10681049.13941511
2025-04-05 00:00:00,0.171139,0.171615,0.169289,0.169346,4073719.30753669
2025-04-05 04:00:00,0.169377,0.169989,0.168023,0.169286,6351555.73096361
2025-04-05 08:00:00,0.169383,0.170734,0.168583,0.170021,7313910.8605048
2025-04-05 12:00:00,0.170059,0.170518,0.166027,0.167179,11095573.61490091
2025-04-05 16:00:00,0.167298,0.168695,0.166879,0.167429,5036171.5288005
2025-04-05 20:00:00,0.167429,0.169229,0.167151,0.168936,3690406.6923768
2025-04-06 00:00:00,0.168936,0.16999,0.167107,0.16761,1717922.38251127
2025-04-06 04:00:00,0.167611,0.167966,0.165,0.165045,6469896.06367007
2025-04-06 08:00:00,0.165018,0.165456,0.163699,0.164315,5998545.16100221
2025-04-06 12:00:00,0.164251,0.164531,0.15968,0.161824,11596206.14459805
2025-04-06 16:00:00,0.161829,0.161829,0.150749,0.152821,94664927.95804004
2025-04-06 20:00:00,0.152619,0.153379,0.145897,0.149425,40969912.74594958
2025-04-07 00:00:00,0.149274,0.151607,0.140373,0.142162,39658136.05510338
2025-04-07 04:00:00,0.14216,0.143221,0.13,0.132336,122714141.9874498
2025-04-07 08:00:00,0.132277,0.141656,0.13185,0.138104,43448109.88866247
2025-04-07 12:00:00,0.138234,0.153967,0.137242,0.147122,101709929.47107664
2025-04-07 16:00:00,0.146783,0.14965,0.143907,0.146516,26989702.93522602
2025-04-07 20:00:00,0.146774,0.152163,0.146774,0.149533,12168229.83124359
2025-04-08 00:00:00,0.149479,0.153271,0.146961,0.151311,11175798.58182405
2025-04-08 04:00:00,0.151432,0.152622,0.148348,0.15084,12420833.75887874
2025-04-08 08:00:00,0.150775,0.156396,0.149772,0.156003,18183919.06344252
2025-04-08 12:00:00,0.155964,0.156968,0.150177,0.150846,19556078.83804306
2025-04-08 16:00:00,0.150825,0.151126,0.141985,0.142961,32206837.65557902
2025-04-08 20:00:00,0.142979,0.144643,0.141185,0.142268,8438107.80645677
2025-04-09 00:00:00,0.142415,0.143627,0.136582,0.138841,20780779.76504377
2025-04-09 04:00:00,0.138609,0.147629,0.138468,0.146976,21463931.5196857
2025-04-09 08:00:00,0.146966,0.148163,0.143153,0.143898,23943928.95173686
2025-04-09 12:00:00,0.143931,0.148365,0.142977,0.147022,10789471.79788712
